elemen;sub_elemen;jenis;no_akun;nm_akun;keterangan
5;7;06;0001;AHP COVER SHOES;BRG-LOG-1
5;7;06;0002;MOCA;BRG-LOG-2
5;7;06;0003;GELAS DONOR;BRG-LOG-3
5;7;06;0004;TEH CELUP ;BRG-LOG-4
5;7;06;0005;SUSU CAIR DONOR MILKIDO;BRG-LOG-5
5;7;06;0006;BHP DETERGEN;BRG-LOG-6
5;7;06;0007;PEWANGI SEMPROT;BRG-LOG-7
5;7;06;0008;BHP HAND SOAP CALMIC I LT;BRG-LOG-8
5;7;06;0009;BHP DESINVEKTAN WIPOL;BRG-LOG-9
5;7;06;0010;OBAT ANTI NYAMUK;BRG-LOG-10
5;7;06;0011;TISU CALMIC;BRG-LOG-11
5;7;06;0012;TISU LIVI;BRG-LOG-12
5;7;06;0013;BHP PLASTIK HITAM KRESEK 35;BRG-LOG-13
5;7;06;0015;BHP PLASTIK SAMPAH HITAM 90.120;BRG-LOG-15
5;7;06;0016;BHP PLASTIK ES 1KG;BRG-LOG-16
5;7;06;0017;HAND SANITRIZER ILT CALMIC;BRG-LOG-17
5;7;06;0018;ANTISEPTIK BESAR;BRG-LOG-18
5;7;06;0019;BHP ANTISEPTIK DETOL KECIL;BRG-LOG-19
5;7;06;0020;REAGEN HIV RIGHTSIGN (UTDP);BRG-LOG-20
5;7;06;0021;HIV DIASORIN;BRG-LOG-21
5;7;06;0022;HIV MUREX;BRG-LOG-22
5;7;06;0023;HIV BIOMERIEUX;BRG-LOG-23
5;7;06;0024;HIV RIGHTSIGN (RS);BRG-LOG-24
5;7;06;0025;HIV BIORAD;BRG-LOG-25
5;7;06;0026;HIV AXSYM;BRG-LOG-26
5;7;06;0027;HIV ARCHITECT;BRG-LOG-27
5;7;06;0028;HIV ACON;BRG-LOG-28
5;7;06;0029;HIV DETERMINE;BRG-LOG-29
5;7;06;0030;HIV SD;BRG-LOG-30
5;7;06;0031;HIV INTEC @100T;BRG-LOG-31
5;7;06;0032;HIV ABON;BRG-LOG-32
5;7;06;0033;HIV INTEC @40;BRG-LOG-33
5;7;06;0034;HIV BESURE;BRG-LOG-34
5;7;06;0035;HIV TRIDOT;BRG-LOG-35
5;7;06;0036;HIV SYSMEX;BRG-LOG-36
5;7;06;0037;HIV ONCOPROBE;BRG-LOG-37
5;7;06;0038;HIV TRILINE CARD @100T;BRG-LOG-38
5;7;06;0039;SYPHILIS MONO;BRG-LOG-39
5;7;06;0040;HIV ALL TEST @40;BRG-LOG-40
5;7;06;0041;HCV DIASORIN;BRG-LOG-41
5;7;06;0042;HCV MUREX;BRG-LOG-42
5;7;06;0043;HCV BIOMERIEUX;BRG-LOG-43
5;7;06;0044;HCV RIGHTSIGN (RS);BRG-LOG-44
5;7;06;0045;HCV BIORAD;BRG-LOG-45
5;7;06;0046;HCV AXSYM;BRG-LOG-46
5;7;06;0047;HCV ARCITECT;BRG-LOG-47
5;7;06;0048;HCV ACON;BRG-LOG-48
5;7;06;0049;HCVDETERMIN;BRG-LOG-49
5;7;06;0050;HCV SD;BRG-LOG-50
5;7;06;0051;HCV INTEC @100;BRG-LOG-51
5;7;06;0052;HCV INTEC @40;BRG-LOG-52
5;7;06;0053;HCV ABON;BRG-LOG-53
5;7;06;0054;HCV BESURE;BRG-LOG-54
5;7;06;0055;HCV TRIDOT;BRG-LOG-55
5;7;06;0056;HCV SYSMEX;BRG-LOG-56
5;7;06;0057;HCV ONC;BRG-LOG-57
5;7;06;0058;HCV INTEC @19 T;BRG-LOG-58
5;7;06;0059;HCV MONO;BRG-LOG-59
5;7;06;0060;HBSAG DIASORIN;BRG-LOG-60
5;7;06;0061;HBSAG MUREX;BRG-LOG-61
5;7;06;0062;HBSAG BIOMERIEUX ;BRG-LOG-62
5;7;06;0063;HBSAG BEHRING;BRG-LOG-63
5;7;06;0064;HBSAG RIGHTSIGN (RS);BRG-LOG-64
5;7;06;0065;HBSAG BIORAD;BRG-LOG-65
5;7;06;0066;HBSAD AXSYM;BRG-LOG-66
5;7;06;0067;REAGEN CLIA HBSAG ARCHITECT;BRG-LOG-67
5;7;06;0068;HBSAG ACON;BRG-LOG-68
5;7;06;0069;HBSAG DETERMINE;BRG-LOG-69
5;7;06;0070;HBSAG SD;BRG-LOG-70
5;7;06;0071;HBSAG INTEC;BRG-LOG-71
5;7;06;0072;HBSAG ABON;BRG-LOG-72
5;7;06;0073;HBSAG BESURE;BRG-LOG-73
5;7;06;0074;HBSAG TRIDOT;BRG-LOG-74
5;7;06;0075;HBSAG SYSMEX;BRG-LOG-75
5;7;06;0076;HBSAG INTEC @100;BRG-LOG-76
5;7;06;0077;HBSAG INTEC @40;BRG-LOG-77
5;7;06;0078;HBSAG MONO;BRG-LOG-78
5;7;06;0079;SYPHILIS DETERMINE;BRG-LOG-79
5;7;06;0081;SYPHILIS BIOMERIEUX;BRG-LOG-81
5;7;06;0082;SYPHILIS RIGHTSIGN (MSA);BRG-LOG-82
5;7;06;0083;REAGEN SYPHILIS CLIA ARCHITECT(TIRTA;BRG-LOG-83
5;7;06;0084;SYPHILIS SD;BRG-LOG-84
5;7;06;0085;SYPHILIS INTEC @100;BRG-LOG-85
5;7;06;0086;SYPHILIS INTEC @40;BRG-LOG-86
5;7;06;0087;SYPHILIS SYSMEX ;BRG-LOG-87
5;7;06;0088;SYPHILIS ONC;BRG-LOG-88
5;7;06;0089;SYPHILIS CARD@100T;BRG-LOG-89
5;7;06;0090;SYPHILIS INTEC@28T;BRG-LOG-90
5;7;06;0091;HIV MONO;BRG-LOG-91
5;7;06;0092;HCV RIGHTSIGN REAGEN;BRG-LOG-92
5;7;06;0093;REAGEN HBSAG RIGHTSIGN (UTDP);BRG-LOG-93
5;7;06;0094;REAGEN HCV RIGHTSIGN ( UTDP );BRG-LOG-94
5;7;06;0096;REAGEN SYPHILIS RIGHTSIGN ( UTDP);BRG-LOG-96
5;7;06;0097;AHP TENSI AIR RAKSA;BRG-LOG-97
5;7;06;0098;AHP TENSI JAM;BRG-LOG-98
5;7;06;0099;AHP GUNTING MEDIS;BRG-LOG-99
5;7;06;0103;AHP STETOSKOP;BRG-LOG-103
5;7;06;0104;AHP MIKRO PIPET ;BRG-LOG-104
5;7;06;0105;AHP BALON TENSI;BRG-LOG-105
5;7;06;0106;LAB TROMBOPHOB;BRG-LOG-106
5;7;06;0107;VITAMIN;BRG-LOG-107
5;7;06;0108; A;BRG-LOG-108
5;7;06;0109;B;BRG-LOG-109
5;7;06;0110; D;BRG-LOG-110
5;7;06;0111;AB;BRG-LOG-111
5;7;06;0112;LISS COMBS DIAMED ;BRG-LOG-112
5;7;06;0113;REAGEN DELUENT BIORAD@500ML (FHI);BRG-LOG-113
5;7;06;0114;ANTI D IGG;BRG-LOG-114
5;7;06;0115;ORTHO CART;BRG-LOG-115
5;7;06;0116;ORTHO BLISS;BRG-LOG-116
5;7;06;0117;POP MIE;BRG-LOG-117
5;7;06;0119;HANDSCOON;BRG-LOG-119
5;7;06;0120;ALKOHOL SWAB;BRG-LOG-120
5;7;06;0121;POP MIE;BRG-LOG-121
5;7;06;0122;BERAS;BRG-LOG-122
5;7;06;0123;PERIPHERAL STEM CELL SET FOR MCS ( LEOKOPHARESIS ;BRG-LOG-123
5;7;06;0124;TPE SET(225 ML, LATHAM (MCS/ APHERESIS );BRG-LOG-124
5;7;06;0125;VISTULA NEEDLE SET;BRG-LOG-125
5;7;06;0126;BAG DOUBLE JMS 450 CC/KARINDO;BRG-LOG-126
5;7;06;0127;BAG DOUBLE  TERUMO 350;BRG-LOG-127
5;7;06;0128;DB KARMI;BRG-LOG-128
5;7;06;0129;DB JMS;BRG-LOG-129
5;7;06;0130;BAG TRIPLE 450 COMPOFLEX /UTDP;BRG-LOG-130
5;7;06;0131;BAG DOUBLE  I CONTROL  350 /MITRA B;BRG-LOG-131
5;7;06;0132;SB TERUMO;BRG-LOG-132
5;7;06;0133;SB KARMI;BRG-LOG-133
5;7;06;0134;SB JMS;BRG-LOG-134
5;7;06;0135;TP TERUMO;BRG-LOG-135
5;7;06;0136;TP KARMI;BRG-LOG-136
5;7;06;0137;TP JMS;BRG-LOG-137
5;7;06;0138;KAOS SOVENIR DONOR;BRG-LOG-138
5;7;06;0139;SERAGAM ROMPI;BRG-LOG-139
5;7;06;0140;MEDI TAPE @24 ( JMS);BRG-LOG-140
5;7;06;0141;AMPLOP COKLAT TALI;BRG-LOG-141
5;7;06;0142;AMPLOP PUTIH BESAR KOP;BRG-LOG-142
5;7;06;0143;AMPLOP PUTIH BESAR;BRG-LOG-143
5;7;06;0144;AMPLOP PUTIH KECIL;BRG-LOG-144
5;7;06;0145;BANTALAN SAMPEL;BRG-LOG-145
5;7;06;0146;BATERAI KOTAK 9V;BRG-LOG-146
5;7;06;0147;TINTA STAMPEL BIRU;BRG-LOG-147
5;7;06;0148;BATERAI AA SEDANG 1.5V;BRG-LOG-148
5;7;06;0149;BATERAI AAA KECIL 1.5V;BRG-LOG-149
5;7;06;0150;BINDER KLIP HITAM (260);BRG-LOG-150
5;7;06;0151;BINDER KLIP HITAM KECIL (107);BRG-LOG-151
5;7;06;0152;BINDER KLIP (200);BRG-LOG-152
5;7;06;0153;INDEX FILE;BRG-LOG-153
5;7;06;0154;BOX FILE;BRG-LOG-154
5;7;06;0155;BUKU FOLIO BESAR;BRG-LOG-155
5;7;06;0156;BUKU KAS;BRG-LOG-156
5;7;06;0157;BUKU QUARTO (KECIL);BRG-LOG-157
5;7;06;0158;STAMPEL LUNAS;BRG-LOG-158
5;7;06;0159;KLIP KERTAS (NO 3);BRG-LOG-159
5;7;06;0160;CUTTER;BRG-LOG-160
5;7;06;0161;DOUBLE TAPE;BRG-LOG-161
5;7;06;0162;FLASHDISK;BRG-LOG-162
5;7;06;0163;ISI CUTTER;BRG-LOG-163
5;7;06;0164;ISI PENA BIRU;BRG-LOG-164
5;7;06;0165;ISI STAPLES BESAR;BRG-LOG-165
5;7;06;0166;ISI STAPLES KECIL;BRG-LOG-166
5;7;06;0167;ISOLATIP BESAR;BRG-LOG-167
5;7;06;0168;ISOLATIP KECIL;BRG-LOG-168
5;7;06;0169;KERTAS A4;BRG-LOG-169
5;7;06;0170;KERTAS BURAM;BRG-LOG-170
5;7;06;0171;KERTAS F4;BRG-LOG-171
5;7;06;0172;TONNER (LASER JET);BRG-LOG-172
5;7;06;0173;KWITANSI BESAR;BRG-LOG-173
5;7;06;0174;KWITANSI KECIL;BRG-LOG-174
5;7;06;0175;LAKBAN BIRU;BRG-LOG-175
5;7;06;0176;LAKBAN PUTIH;BRG-LOG-176
5;7;06;0177;LAKBAN UNGGU;BRG-LOG-177
5;7;06;0178;LAKBAN BENING;BRG-LOG-178
5;7;06;0179;LAKBAN COKLAT;BRG-LOG-179
5;7;06;0180;LAKBAN HITAM;BRG-LOG-180
5;7;06;0181;LEM ALTEKO;BRG-LOG-181
5;7;06;0182;LEM AI-BOND;BRG-LOG-182
5;7;06;0183;LEM KERTAS;BRG-LOG-183
5;7;06;0184;MAP BOLONG;BRG-LOG-184
5;7;06;0185;MAP BOLONG PLASTIK BENING BISNIS;BRG-LOG-185
5;7;06;0186;MAP JEPIT;BRG-LOG-186
5;7;06;0187;MAP KARTON BIASA;BRG-LOG-187
5;7;06;0188;MAP KERTAS BOLONG;BRG-LOG-188
5;7;06;0189;MAP KOP PINK;BRG-LOG-189
5;7;06;0190;MISTAR (PENGGARIS);BRG-LOG-190
5;7;06;0191;PEMBOLONG KERTAS;BRG-LOG-191
5;7;06;0192;PENA BIRU;BRG-LOG-192
5;7;06;0193;PENA BALINER;BRG-LOG-193
5;7;06;0194;PENA HITAM (MU);BRG-LOG-194
5;7;06;0195;PENA OPF (CROSS);BRG-LOG-195
5;7;06;0196;PENA (TALI);BRG-LOG-196
5;7;06;0197;PENGHAPUS;BRG-LOG-197
5;7;06;0198;PENSIL;BRG-LOG-198
5;7;06;0199;PERUNCING PENSIL;BRG-LOG-199
5;7;06;0200;SPIDOL PERMANEN;BRG-LOG-200
5;7;06;0201;SPIDOL WARNA;BRG-LOG-201
5;7;06;0202;SPIDOL WHITE BOARD;BRG-LOG-202
5;7;06;0203;STABILO;BRG-LOG-203
5;7;06;0204;STAMPEL TANGGAL;BRG-LOG-204
5;7;06;0205;STIKER LABEL (LAB);BRG-LOG-205
5;7;06;0206;STAPLES BESAR;BRG-LOG-206
5;7;06;0207;STREPLES KECIL;BRG-LOG-207
5;7;06;0208;TINTA STAMPEL BIRU;BRG-LOG-208
5;7;06;0209;TINTA STAMPEL UNGU;BRG-LOG-209
5;7;06;0210;TINTA STEMPEL HITAM;BRG-LOG-210
5;7;06;0211;TINTA STAMPEL OTOMATIS 9 ( TANPA BANTALAN );BRG-LOG-211
5;7;06;0212;TINTA STEMPEL MERAH;BRG-LOG-212
5;7;06;0213;CLIP KERTAS BIASA NO.5;BRG-LOG-213
5;7;06;0214;ISI PENA GEL BIRU;BRG-LOG-214
5;7;06;0215;KARTU STOK DARAH;BRG-LOG-215
5;7;06;0216;FORM LEMBAR KERJA CROSSMATCH;BRG-LOG-216
5;7;06;0217;FORMULIR INFORM CONSENT;BRG-LOG-217
5;7;06;0218;KARTU GOLANGAN DARAH PASIEN;BRG-LOG-218
5;7;06;0219;KERTAS KOP F4;BRG-LOG-219
5;7;06;0220;KERTAS KOP A 4;BRG-LOG-220
5;7;06;0221;KWITANSI GOLONGAN DARAH;BRG-LOG-221
5;7;06;0222;KUWITANSI UMUM;BRG-LOG-222
5;7;06;0223;LABEL REJECTED;BRG-LOG-223
5;7;06;0224;LABEL RELEASED;BRG-LOG-224
5;7;06;0225;FORM CEKLIS SISTIM PENGAMBILAN;BRG-LOG-225
5;7;06;0226;KERTAS CEK GOLONGAN DARAH/ PAPER TEST GOLONGAN DAR;BRG-LOG-226
5;7;06;0227;FORM SURAT PENITIPAN DARAH;BRG-LOG-227
5;7;06;0228;FORM PERMINTAAN SAMPEL BARU;BRG-LOG-228
5;7;06;0229;FORM UJI VALIDASI REAGENSIA;BRG-LOG-229
5;7;06;0230;FORM PEMBATALAN PEMESANAN DARAH;BRG-LOG-230
5;7;06;0231;FORM PERMINTAAN CONTOH DARAH PASIEN;BRG-LOG-231
5;7;06;0232;FORM PENGAMBILAN SAMPEL CEK ULANG;BRG-LOG-232
5;7;06;0233;FORM PERMINTAAN PEMERIKSAAN ULANG;BRG-LOG-233
5;7;06;0234;FORM HIMBAUAN DONOR KEMBALI;BRG-LOG-234
5;7;06;0235;BLOSSY STIKER PAPER;BRG-LOG-235
5;7;06;0236;BATRAI TIMBANGAN DIGITAL 3V;BRG-LOG-236
5;7;06;0237;ISI PENA GEL HITAM;BRG-LOG-237
5;7;06;0238;RIBON LABEL;BRG-LOG-238
5;7;06;0239;LABEL BACODE LOGISTIK;BRG-LOG-239
5;7;06;0240;STAMPEL CAP PMI;BRG-LOG-240
5;7;06;0241;CEKLIS PERLENGKAPANN ALAT TAS DONOR;BRG-LOG-241
5;7;06;0242;CEKLIS PERLENKAPAN ADM MU;BRG-LOG-242
5;7;06;0243;CEKLIS PERLENGKAPAN ALAT HB;BRG-LOG-243
5;7;06;0244;FORM PEMAIAKAI KENDARAAN OPERASIONAL;BRG-LOG-244
5;7;06;0245;FORM PENYERAHAN DOKUMEN MOBIL UNIT;BRG-LOG-245
5;7;06;0246;AIR MINERAL BOTOL;BRG-LOG-246
5;7;06;0247;AIR MINERAL GALON;BRG-LOG-247
5;7;06;0248;AIR MINERAL GELAS;BRG-LOG-248
5;7;06;0249;BERAS;BRG-LOG-249
5;7;06;0250;GULA;BRG-LOG-250
5;7;06;0251;PEWANGI TOILET;BRG-LOG-251
5;7;06;0252;ANTISEPTIC  DETOL;BRG-LOG-252
5;7;06;0253;DESINFECTAN SPRAY;BRG-LOG-253
5;7;06;0254;PEMBERSIH LANTI;BRG-LOG-254
5;7;06;0255;DETERGEN;BRG-LOG-255
5;7;06;0256;HAND SANITIZER 4 LITER;BRG-LOG-256
5;7;06;0257;HAND SOAP 1 LITER ;BRG-LOG-257
5;7;06;0258;PLASTIK KARTU GOLONGAN DARAH;BRG-LOG-258
5;7;06;0259;KARET;BRG-LOG-259
5;7;06;0260;KOPI;BRG-LOG-260
5;7;06;0261;LIDI;BRG-LOG-261
5;7;06;0262;PEMBERSIH KACA;BRG-LOG-262
5;7;06;0263;PEMUTIH PAKAIAN;BRG-LOG-263
5;7;06;0264;PENCUCI PIRING;BRG-LOG-264
5;7;06;0265;PLASTIK BIOHAZARD 90 X 120;BRG-LOG-265
5;7;06;0266;PLASTIK BIOHAZARD KECIL 30X50;BRG-LOG-266
5;7;06;0267;PLASTIK BIOHAZARD KECIL 60 X 40;BRG-LOG-267
5;7;06;0268;PLASTIK BIOHAZARD 60 X 100;BRG-LOG-268
5;7;06;0269;PLASTIK DARAH 1 KG;BRG-LOG-269
5;7;06;0270;PLASTIK DARAH 2 KG;BRG-LOG-270
5;7;06;0271;PLASTIK ES 1/4 KG;BRG-LOG-271
5;7;06;0272;PLASTIK ES 1 KG;BRG-LOG-272
5;7;06;0273;PLASTIK HITAM KRESEK 35CM;BRG-LOG-273
5;7;06;0274;PLASTIK PUTIH KRESEK KECIL 17;BRG-LOG-274
5;7;06;0275;PLASTIK PUTIH KRESEK 28 CV;BRG-LOG-275
5;7;06;0276;PLASTIK SAMPAH BESAR 90 X 120;BRG-LOG-276
5;7;06;0277;PLASTIK SCACK 30 X 40;BRG-LOG-277
5;7;06;0278;PLASTIK ZIPLOCK 8 X 12;BRG-LOG-278
5;7;06;0279;TISU HALUS;BRG-LOG-279
5;7;06;0280;GOODY BAG POLOS;BRG-LOG-280
5;7;06;0281;HAND SANITIZER 1LT;BRG-LOG-281
5;7;06;0282;OBAT ANTI NYAMUK SPRAY;BRG-LOG-282
5;7;06;0283;PEWANGI RUANG GANTUNG;BRG-LOG-283
5;7;06;0284;PEWANGI RUANG SPRAY;BRG-LOG-284
5;7;06;0285;PEWANGI SETRIKA;BRG-LOG-285
5;7;06;0286;CAIRAN PEMBERSIH TOILET;BRG-LOG-286
5;7;06;0287;TEH BEBDERA;BRG-LOG-287
5;7;06;0288;TEH CELUP;BRG-LOG-288
5;7;06;0289;TEH KASAR;BRG-LOG-289
5;7;06;0290;TISU CALMIC;BRG-LOG-290
5;7;06;0291;TISU KASAR;BRG-LOG-291
5;7;06;0292;HAND SANITIZER 4LT CALMIC;BRG-LOG-292
5;7;06;0293;PLASTIK HD PUTIH 50 CM;BRG-LOG-293
5;7;06;0294;GAS ELPIJI 12 KG;BRG-LOG-294
5;7;06;0295;BAYCLIN 500 ML;BRG-LOG-295
5;7;06;0296;TISU LIVI;BRG-LOG-296
5;7;06;0297;ALKOHOL SWAB ( ONE MED);BRG-LOG-297
5;7;06;0298;AIR RO (AMIDIS);BRG-LOG-298
5;7;06;0299;IODINE POVIDINE CAIR 100 ML;BRG-LOG-299
5;7;06;0300;BLOOD LANCET ( ONE MED);BRG-LOG-300
5;7;06;0301;BLUE TIP;BRG-LOG-301
5;7;06;0302;ICE PACK;BRG-LOG-302
5;7;06;0303;KASA GULUNG;BRG-LOG-303
5;7;06;0304;MASKER @50;BRG-LOG-304
5;7;06;0305;MEDI TAPE  (JMS);BRG-LOG-305
5;7;06;0306;PIPET CAPILARY;BRG-LOG-306
5;7;06;0307;NACL ;BRG-LOG-307
5;7;06;0308;PIPET PASTURE;BRG-LOG-308
5;7;06;0309;PLASTER LUKA ;BRG-LOG-309
5;7;06;0310;BALON TENSI;BRG-LOG-310
5;7;06;0311;SAFETY BOX 12,5 L;BRG-LOG-311
5;7;06;0312;SAFETY BOX 2.5L;BRG-LOG-312
5;7;06;0313;SAFETY BOX 5L;BRG-LOG-313
5;7;06;0314;SAMPLE CUP;BRG-LOG-314
5;7;06;0315;SARUNG TANGAN M;BRG-LOG-315
5;7;06;0316;SARUNG TANGAN S;BRG-LOG-316
5;7;06;0317;SPUIT 10CC;BRG-LOG-317
5;7;06;0318;SPUIT 5 ML;BRG-LOG-318
5;7;06;0319;STYOFORM 17;BRG-LOG-319
5;7;06;0320;STOFORM  34;BRG-LOG-320
5;7;06;0321;TABUNG EDTA ( GP );BRG-LOG-321
5;7;06;0322;TABUNG REAKSI;BRG-LOG-322
5;7;06;0323;THROMBOPOB;BRG-LOG-323
5;7;06;0324;VISTULLA;BRG-LOG-324
5;7;06;0325;YELLOW TIP;BRG-LOG-325
5;7;06;0326;LAMPU ELEKTRIK SEALER;BRG-LOG-326
5;7;06;0327;AHP AUTO CLIC;BRG-LOG-327
5;7;06;0328;GUNTING KERTAS BESAR;BRG-LOG-328
5;7;06;0329;AHP BEKKER GLASS;BRG-LOG-329
5;7;06;0330;AHP COVER SHOES;BRG-LOG-330
5;7;06;0331;GUNTING MEDIS;BRG-LOG-331
5;7;06;0332;HAND SEALER;BRG-LOG-332
5;7;06;0333;HIGROMETER;BRG-LOG-333
5;7;06;0334;MIKRO PIPET;BRG-LOG-334
5;7;06;0335;PEAN;BRG-LOG-335
5;7;06;0336;STETOSCOP;BRG-LOG-336
5;7;06;0337;TENSI AIR RAKSA;BRG-LOG-337
5;7;06;0338;TENSI JAM;BRG-LOG-338
5;7;06;0339;THERMOMETER SUHU/KECIL;BRG-LOG-339
5;7;06;0340;OKSIGEN PORTABLE;BRG-LOG-340
5;7;06;0341;ROMPI PETUGAS BIRU;BRG-LOG-341
5;7;06;0342;ROMPI PETUGAS MERAH;BRG-LOG-342
5;7;06;0343;SANDAL LAB;BRG-LOG-343
5;7;06;0349;ACD-A;BRG-LOG-349
5;7;06;0350;KANTONG DARAH DOUBLE 350 (I CONTROL);BRG-LOG-350
5;7;06;0351;KANTONG DARAH DOUBLE 350 (TERUMO);BRG-LOG-351
5;7;06;0352;KANTONG DARAH DOUBLE 350 COMPOFLEX;BRG-LOG-352
5;7;06;0353;KANTONG DARAH DOUBLE 450CC JMS;BRG-LOG-353
5;7;06;0354;KANTONG DARAH SINGLE 350 CC I CONTROL;BRG-LOG-354
5;7;06;0355;KANTONG DARAH SINGLE 350 CC JMS;BRG-LOG-355
5;7;06;0356;KANTONG DARAH TRIPLE 450 CC COMPOFLEX;BRG-LOG-356
5;7;06;0357;KANTONG DARAH TRIPLE 350 I CONTROL;BRG-LOG-357
5;7;06;0358;KANTONG DARAH TRIPLE 350CC JMS;BRG-LOG-358
5;7;06;0359;KANTONG DARAH TRIPLE 350CC TERUMO;BRG-LOG-359
5;7;06;0360;KIT PLS (APHERESIS);BRG-LOG-360
5;7;06;0361;KIT PBSC (APHERESIS);BRG-LOG-361
5;7;06;0362;KIT PLT (APHERESIS);BRG-LOG-362
5;7;06;0363;KIT TPE (APHERESIS);BRG-LOG-363
5;7;06;0364;ANTI A;BRG-LOG-364
5;7;06;0365;ANTI B;BRG-LOG-365
5;7;06;0366;ANTI D;BRG-LOG-366
5;7;06;0367;BOVINE ALBUMIN;BRG-LOG-367
5;7;06;0368;CALIBRATOR HCV (MINDRAY);BRG-LOG-368
5;7;06;0369;CALIBRATOR SYPHILIS (MINDRAY);BRG-LOG-369
5;7;06;0370;CALIBRATOR HBSAG (MINDRAY);BRG-LOG-370
5;7;06;0371;CALIBRATOR HIV (MINDRAY);BRG-LOG-371
5;7;06;0372;CUVET HB (HEMOCUE);BRG-LOG-372
5;7;06;0373;CUVET HB (HEMOCROMAX);BRG-LOG-373
5;7;06;0374;CUVET HB (HEMO CONTROL);BRG-LOG-374
5;7;06;0375;CUVET HB (DIASPEC);BRG-LOG-375
5;7;06;0376;SUBSTRAT (MINDRAY);BRG-LOG-376
5;7;06;0377;WASH BUFFER (MINDRAY);BRG-LOG-377
5;7;06;0378;REAGEN HBSAG 200 TES (MINDRAY);BRG-LOG-378
5;7;06;0379;REAGEN HBSAG (ARCHITEC);BRG-LOG-379
5;7;06;0380;REAGEN HBSAG 100 TES (SYSMEX);BRG-LOG-380
5;7;06;0381;REAGEN HBSAG (RIGHTSIGN);BRG-LOG-381
5;7;06;0382;REAGEN HCV 200 TES (MINDRAY);BRG-LOG-382
5;7;06;0383;REAGEN HCV (ARCHITEC);BRG-LOG-383
5;7;06;0384;REAGEN HCV 100TEST (SYSMEX);BRG-LOG-384
5;7;06;0385;REAGEN HCV (RIGHTSIGN);BRG-LOG-385
5;7;06;0386;REAGEN HIV MINDRAY 200 TES;BRG-LOG-386
5;7;06;0387;REAGEN HIV (ARCHITEC);BRG-LOG-387
5;7;06;0388;REAGEN HIV 50TEST (SYSMEX);BRG-LOG-388
5;7;06;0389;REAGEN HIV (RIGHTSIGN);BRG-LOG-389
5;7;06;0390;REAGEN SYPHILIS MINDRAY 200 TES;BRG-LOG-390
5;7;06;0391;REAGEN SYPHILIS 100 TES (ARCHITEC);BRG-LOG-391
5;7;06;0392;REAGEN SYPHILIS 100 TES (SYSMEX);BRG-LOG-392
5;7;06;0393;REAGEN SYPHILIS (RIGHTSIGN);BRG-LOG-393
5;7;06;0394;CONTROL NEGATIVE HBSAG (MINDRAY);BRG-LOG-394
5;7;06;0395;CONTROL NEGATIVE HCV (MINDRAY);BRG-LOG-395
5;7;06;0396;CONTROL NEGATIVE HIV (MINDRAY);BRG-LOG-396
5;7;06;0397;CONTROL NEGATIVE SYPHILIS (MINDRAY);BRG-LOG-397
5;7;06;0398;CONTROL POSITIVE HBSAG (MINDRAY);BRG-LOG-398
5;7;06;0399;CONTROL POSITIVE HCV (MINDRAY);BRG-LOG-399
5;7;06;0400;CONTROL POSITIVE HIV (MINDRAY);BRG-LOG-400
5;7;06;0401;CONTROL POSITIVE SYPHILIS (MINDRAY);BRG-LOG-401
5;7;06;0402;REAGEN GEL TEST (BIORAD);BRG-LOG-402
5;7;06;0403;REAGEN GEL TEST (ACROSS);BRG-LOG-403
5;7;06;0404;REAGEN GEL TEST (ODAK);BRG-LOG-404
5;7;06;0405;REAGEN DELUENT (BIORAD);BRG-LOG-405
5;7;06;0406;REAGEN DELUENT (ACROSS);BRG-LOG-406
5;7;06;0407;REAGEN DELUENT (ODAK);BRG-LOG-407
5;7;06;0408;KANTONG TRANSFER PACK ;BRG-LOG-408
5;7;06;0409;SD BIOLINE  HBSAG @ 30;BRG-LOG-409
5;7;06;0410;SD BIOLINE  HIV 1/2 3.0 MULTI @ 100;BRG-LOG-410
5;7;06;0411;SD BIOLINE SYPHILIS 3.0 (MULTI) @100;BRG-LOG-411
5;7;06;0412;SD HCV (MULTI)  @100;BRG-LOG-412
5;7;06;0413;HBSAG SYSMEX;BRG-LOG-413
5;7;06;0414;SYPHILIS SYSMEX;BRG-LOG-414
5;7;06;0415;HIV SYSMEX;BRG-LOG-415
5;7;06;0416;HCV SYSMEX;BRG-LOG-416
5;7;06;0417;SUSU DONOR (MILKIDO);BRG-LOG-417
5;7;06;0418;SUSU KOTAK;BRG-LOG-418
5;7;06;0419;SNACK DONOR TANGGO;BRG-LOG-419
5;7;06;0420;GOODY BAG DONOR DARAH;BRG-LOG-420
5;7;06;0421;HANDUK;BRG-LOG-421
5;7;06;0422;JAKET DONOR 100X ( L );BRG-LOG-422
5;7;06;0423;JAKET DONOR 100X ( M );BRG-LOG-423
5;7;06;0424;JAKET DONOR 100X ( XL );BRG-LOG-424
5;7;06;0425;JAKET DONOR 100X ( XXL );BRG-LOG-425
5;7;06;0426;JAKET DONOR 75X ( L );BRG-LOG-426
5;7;06;0427;JAKET DONOR 75X ( M );BRG-LOG-427
5;7;06;0428;JAKET DONOR 75X ( XL );BRG-LOG-428
5;7;06;0429;JAKET DONOR 75 X ( XXL );BRG-LOG-429
5;7;06;0430;KAOS DONOR 50X ( L );BRG-LOG-430
5;7;06;0431;KAOS DONOR 50X ( XL );BRG-LOG-431
5;7;06;0432;KAOS DONOR 50X ( XXL );BRG-LOG-432
5;7;06;0433;KOTAK PIN;BRG-LOG-433
5;7;06;0434;PAPER BAG BESAR;BRG-LOG-434
5;7;06;0435;PAPER BAG KECIL;BRG-LOG-435
5;7;06;0436;BROSUR;BRG-LOG-436
5;7;06;0437;CALENDER;BRG-LOG-437
5;7;06;0438;PLAKAT PMI;BRG-LOG-438
5;7;06;0439;PIN DONOR 10 X;BRG-LOG-439
5;7;06;0440;PIN DONOR 25 X;BRG-LOG-440
5;7;06;0441;PIN DONOR 75 X;BRG-LOG-441
5;7;06;0442;SOUVENIR KOTAK TISU;BRG-LOG-442
5;7;06;0443;TOPI DONOR 25 X;BRG-LOG-443
5;7;06;0444;TUMBLER;BRG-LOG-444
5;7;06;0445;SOUVENIR KOTAK MAKAN;BRG-LOG-445
5;7;06;0446;HANDUK;BRG-LOG-446
5;7;06;0447;KAOS DONOR DARAH SUKARELA;BRG-LOG-447
5;7;06;0448;MIE INSTAN CUP ( SEDAP);BRG-LOG-448
5;7;06;0449;MIE INSTAN CUP ( POP MIE);BRG-LOG-449
5;7;06;0450;SNACK DONOR CHIZMIL;BRG-LOG-450
5;7;06;0451;SNACK DONOR GET GIT;BRG-LOG-451
5;7;06;0452;SUSU BUBUK DONOR APHERESIS & RHESUS;BRG-LOG-452
5;7;06;0453;SUSU DONOR ( TANGGO );BRG-LOG-453
5;7;06;0454;SUSU DONOR ( MILKIDO);BRG-LOG-454
5;7;06;0455;SUSU DONOR( MILKU );BRG-LOG-455
5;7;06;0456;VITAMIN;BRG-LOG-456
5;7;06;0457;GELAS MINUM DONOR 10X;BRG-LOG-457
5;7;06;0458;MINUMAN TEH DONOR ( TEH OCHA );BRG-LOG-458
5;7;06;0459;PAKET BERSA 1,5 KG;BRG-LOG-459
5;7;06;0460;MINUMAN TEH PUCUK;BRG-LOG-460
5;7;06;0461;SUSU KENTAL MANIS;BRG-LOG-461
5;7;06;0462;MINUMAN DONOR TEH GELAS;BRG-LOG-462
5;7;06;0463;PLAKAT SOUVENIR DONOR;BRG-LOG-463
5;7;06;0464; BERAS DONOR  1,5KG;BRG-LOG-464
5;7;06;0465;PLAKAT;BRG-LOG-465
5;7;06;0466;PAPERLINE HARD COVER/ BUKU FOLIO;BRG-LOG-466
5;7;06;0467;BANTEK MULTI RING BINDER;BRG-LOG-467
5;7;06;0468;LOOSE LEAF B5 50;BRG-LOG-468
5;7;06;0469;STAPLER;BRG-LOG-469
5;7;06;0470;TEH PUCUK;BRG-LOG-470
5;7;06;0471;BHP PLASTIK DARAH 2;BRG-LOG-471
5;7;06;0472;TISU KASAR;BRG-LOG-472
5;7;06;0473;ATK PENA TALI;BRG-LOG-473
5;7;06;0474;ANTI A  TULIP;BRG-LOG-474
5;7;06;0475;REAGEN GEL TEST ODAK @50;BRG-LOG-475
5;7;06;0476;REAGEN DELUENT  ODAK  ;BRG-LOG-476
5;7;06;0477;ANTI B TULIP;BRG-LOG-477
5;7;06;0478;ANTI D TULIP;BRG-LOG-478
5;7;06;0479;REAGEN BOVINE 2020;BRG-LOG-479
5;7;06;0480;COOMBS 2020;BRG-LOG-480
5;7;06;0481;REAGEN GELL TES BIORAD  112X12 (FHI);BRG-LOG-481
5;7;06;0482;DELUENT 2020;BRG-LOG-482
5;7;06;0483;REAGEN GELL TES CARD ACROSS @50 (MBG);BRG-LOG-483
5;7;06;0484;REAGEN DELUENT ACRROSS(MBG);BRG-LOG-484
5;7;06;0485;LAB FILTER RC 1 2020;BRG-LOG-485
5;7;06;0486;LAB FILTER RC 2 2020;BRG-LOG-486
5;7;06;0487;LAB FILTER PL3 2020;BRG-LOG-487
5;7;06;0488;PLT 2020;BRG-LOG-488
5;7;06;0489;TPE 2020;BRG-LOG-489
5;7;06;0490;PBSC 2020;BRG-LOG-490
5;7;06;0491;LAB VISTULLA;BRG-LOG-491
5;7;06;0492;BAG ACDA;BRG-LOG-492
5;7;06;0493;CONTROL POSITIVE HBSAG MINDRAY;BRG-LOG-493
5;7;06;0494;CONTROL POSITIVE HCV MINDRAY;BRG-LOG-494
5;7;06;0495;CONTROL POSITIVE HIV MINDRAY;BRG-LOG-495
5;7;06;0496;CONTROL POSITIVE SYPHILIS MINDRAY;BRG-LOG-496
5;7;06;0497;CALIBRATOR HBSAG MINDRAY;BRG-LOG-497
5;7;06;0498;CALIBRATOR  HCV MINDRAY;BRG-LOG-498
5;7;06;0499;CALIBRATOR HIV MINDRAY;BRG-LOG-499
5;7;06;0500;CALIBRATOR  SYPHILIS MINDRAY;BRG-LOG-500
5;7;06;0501;SYSMEX;BRG-LOG-501
5;7;06;0502;SYSMEX;BRG-LOG-502
5;7;06;0503;SYSMEX;BRG-LOG-503
5;7;06;0504;SYSMEX;BRG-LOG-504
5;7;06;0505;HBSAG SYSMEX;BRG-LOG-505
5;7;06;0506;HIV SYSMEX;BRG-LOG-506
5;7;06;0507;HIV SYSMEX;BRG-LOG-507
5;7;06;0508;REAGEN HBSAG CLIA ARCHITEC /PT.TIRTA;BRG-LOG-508
5;7;06;0509;REAGEN HBSAG CLIA MINDRAY @200;BRG-LOG-509
5;7;06;0510;HBSAG RIGHTSIGN (ASB);BRG-LOG-510
5;7;06;0511;HBSAG INTEC;BRG-LOG-511
5;7;06;0512;HBSAG ONCOPROBE (MSA);BRG-LOG-512
5;7;06;0513;REAGEN HCV CLIA ARCHITEC (TIRTA);BRG-LOG-513
5;7;06;0514;REAGEN HCV CLIA MINDRAY @200;BRG-LOG-514
5;7;06;0515;HCV RIGHTSIGN (ASSLB);BRG-LOG-515
5;7;06;0516;HCV INTEC;BRG-LOG-516
5;7;06;0517;HCV SD BIOSENSOR@30 2020;BRG-LOG-517
5;7;06;0518;HCV ONCOPROBE( MSA);BRG-LOG-518
5;7;06;0519;REAGEN HIV  CLIA ARCHITEC @2000/ TIRTA;BRG-LOG-519
5;7;06;0520;REAGEN HIV CLIA MINDRAY @200;BRG-LOG-520
5;7;06;0521;HIV RIGHTSIGN (ASB);BRG-LOG-521
5;7;06;0522;HIV INTEC;BRG-LOG-522
5;7;06;0523;HIV SD @100(SMA);BRG-LOG-523
5;7;06;0524;HIV SD BIOSENSOR;BRG-LOG-524
5;7;06;0525;HIV ONCOPROBE;BRG-LOG-525
5;7;06;0526;REAGEN SYPHILIS ARCHITEC CLIA @2000 /TIRTA;BRG-LOG-526
5;7;06;0527;REAGEN SYPHILIS CLIA MINDRAY @200;BRG-LOG-527
5;7;06;0528;SYPHILIS RIGHTSIGN (ASLB);BRG-LOG-528
5;7;06;0529;SYPHILIS INTEC;BRG-LOG-529
5;7;06;0530;SYPHILIS ONCOPROBE(MSA0;BRG-LOG-530
5;7;06;0531;SYPHILIS SD BIOSENSOR@25 2020;BRG-LOG-531
5;7;06;0532; BAG SINGLE  JMS 350CC / UTDP;BRG-LOG-532
5;7;06;0533;BAG SINGLE BAG TERUMO;BRG-LOG-533
5;7;06;0534;SINGLE BAG KARMI;BRG-LOG-534
5;7;06;0535;BAG DOUBLE  JMS 350 CC/KARINDO;BRG-LOG-535
5;7;06;0536;BAG DOUBLE BAG TERUMO;BRG-LOG-536
5;7;06;0537;BAG DOUBLE BAG KARMI;BRG-LOG-537
5;7;06;0538;BAG TRIPLE JMS 350;BRG-LOG-538
5;7;06;0539;BAG TRIPLE BAG TERUMO;BRG-LOG-539
5;7;06;0540;BAG TRIPLE BAG KARMI;BRG-LOG-540
5;7;06;0541;ATK AMPLOP PUTIH KECIL;BRG-LOG-541
5;7;06;0542;ATK AMPLOP PUTIH BESAR;BRG-LOG-542
5;7;06;0543;ATK AMPLOP COKLAT TALI;BRG-LOG-543
5;7;06;0544;ATK AMPLOP COKLAT SEDANG;BRG-LOG-544
5;7;06;0545;ATK AMPLOP COKLAT KECIL;BRG-LOG-545
5;7;06;0547;BATERAI REMOT;BRG-LOG-547
5;7;06;0548;VBATERAI MIX KOTAK;BRG-LOG-548
5;7;06;0549;ATK BOX FILE;BRG-LOG-549
5;7;06;0551;ATK MAP  BOLONG;BRG-LOG-551
5;7;06;0552;ATK MAP JEPIT;BRG-LOG-552
5;7;06;0554;ATK BINDER KLIP HITAM (260);BRG-LOG-554
5;7;06;0556;ATK BINDER KLIP HITAM KECIL (107);BRG-LOG-556
5;7;06;0559;ATK BUKU FOLIO BESAR;BRG-LOG-559
5;7;06;0560;ATK BUKU KECIL;BRG-LOG-560
5;7;06;0561;ATK BUKU KAS;BRG-LOG-561
5;7;06;0564;ATK KERTAS BURAM;BRG-LOG-564
5;7;06;0565;PC KERTAS KOP A4;BRG-LOG-565
5;7;06;0566;PC KERTAS KOP F4;BRG-LOG-566
5;7;06;0567;ATK PENA;BRG-LOG-567
5;7;06;0568;ATK ISI PENA;BRG-LOG-568
5;7;06;0569;ATK PENA OPF;BRG-LOG-569
5;7;06;0570;ATK PENSIL;BRG-LOG-570
5;7;06;0572;ATK SPIDOL PERMANEN;BRG-LOG-572
5;7;06;0573;ATK SPIDOL WITH BOARD;BRG-LOG-573
5;7;06;0574;ATK SPIDOL WARNA;BRG-LOG-574
5;7;06;0575;ATK CUTTER;BRG-LOG-575
5;7;06;0576;ATK ISI CUTER  BESAR;BRG-LOG-576
5;7;06;0577;ATK STRAPLES BESAR;BRG-LOG-577
5;7;06;0578;ATK ISI STRAPLES BESAR;BRG-LOG-578
5;7;06;0579;ATK STRAPLES KECIL;BRG-LOG-579
5;7;06;0580;ATK ISI STRAPLES KECIL;BRG-LOG-580
5;7;06;0581;PAKU PAYUNG;BRG-LOG-581
5;7;06;0582;ATK ISOLATIF BESAR;BRG-LOG-582
5;7;06;0583;ATK ISOLATIF KECIL;BRG-LOG-583
5;7;06;0584;DOUBLE TEP;BRG-LOG-584
5;7;06;0587;ATK LEM KERTAS;BRG-LOG-587
5;7;06;0588;ATK LEM I BOND;BRG-LOG-588
5;7;06;0589;ATK LEM ALTEKO;BRG-LOG-589
5;7;06;0590;ATK KWITANSI BESAR;BRG-LOG-590
5;7;06;0591;ATK KWITANSI SEDANG;BRG-LOG-591
5;7;06;0592;KWITANSI KECIL;BRG-LOG-592
5;7;06;0593;NOTA PESANAN;BRG-LOG-593
5;7;06;0594;PAPER BAG KECIL;BRG-LOG-594
5;7;06;0595;PAPER BAG KECIL;BRG-LOG-595
5;7;06;0596;AHP GUNTING KERTAS BESAR;BRG-LOG-596
5;7;06;0597;AHP GUNTING KERTAS KECIL;BRG-LOG-597
5;7;06;0598;ATK TINTA STAMPLE / CAP;BRG-LOG-598
5;7;06;0599;ATK BANTALAN STAMPLE;BRG-LOG-599
5;7;06;0600;ATK TIP X;BRG-LOG-600
5;7;06;0602;KARTU STOK DARAH;BRG-LOG-602
5;7;06;0603;PC BROSUR ;BRG-LOG-603
5;7;06;0604;LEMBAR KERJA PEMERISAAN IMLTD(VALID);BRG-LOG-604
5;7;06;0605;LEMBAR KERJA;BRG-LOG-605
5;7;06;0606;LEMBAR KERJA;BRG-LOG-606
5;7;06;0607;PC KARTU STOK PERSEDIAAN LOG;BRG-LOG-607
5;7;06;0608;PC MU LEMBAR CEKLIS MOBIL UNIT;BRG-LOG-608
5;7;06;0609;LEMBAR CROSS MET;BRG-LOG-609
5;7;06;0610;LEMBAR KERJA;BRG-LOG-610
5;7;06;0611;AHP PEAN;BRG-LOG-611
5;7;06;0612;AHP HAND SEALER;BRG-LOG-612
5;7;06;0613;AHP TENSI DOKTER;BRG-LOG-613
5;7;06;0614;SEALER ELEKTRIK;BRG-LOG-614
5;7;06;0615;STETOSCOP;BRG-LOG-615
5;7;06;0616;AHP TENSI AIR RAKSA;BRG-LOG-616
5;7;06;0617;AHP GUNTING MEDIS;BRG-LOG-617
5;7;06;0618;RINSO;BRG-LOG-618
5;7;06;0619;BHP PEMUTIH BAYCLIN;BRG-LOG-619
5;7;06;0620;BHP PENCUCI PIRING;BRG-LOG-620
5;7;06;0621;BHP PEMBERSIH LANTAI;BRG-LOG-621
5;7;06;0622;BHP PEMBERSIH KACA;BRG-LOG-622
5;7;06;0623;PEWANGI GANTUNG;BRG-LOG-623
5;7;06;0624;BHP KARET;BRG-LOG-624
5;7;06;0625;CANGKIR DONOR;BRG-LOG-625
5;7;06;0626;BHP PLASTIK KRESEK PUTIH KECIL;BRG-LOG-626
5;7;06;0627;BHP PLASTIK DARAH 1;BRG-LOG-627
5;7;06;0628;BHP PLASTIK ES 1/4;BRG-LOG-628
5;7;06;0629;BHP PLASTIK SNACK 30.40;BRG-LOG-629
5;7;06;0631;BHP PLASTIK SAMPAH HITAM BESAR 90.120;BRG-LOG-631
5;7;06;0632;BHP PLASTIK LIMBAH KUNING BESAR 90.120;BRG-LOG-632
5;7;06;0633;BHP PLASTIK BIOHAZARD KECIL 60.40;BRG-LOG-633
5;7;06;0634;BHP PLASTIK KRESEK HITAM KECIL;BRG-LOG-634
5;7;06;0635;BHP SABUN HANDSOAP 4 LT;BRG-LOG-635
5;7;06;0636;BHP TISU HALUS;BRG-LOG-636
5;7;06;0637;TISU KASAR;BRG-LOG-637
5;7;06;0638;SUSU BUBUK;BRG-LOG-638
5;7;06;0639;PAKET PK;BRG-LOG-639
5;7;06;0640;SUSU BUBUK;BRG-LOG-640
5;7;06;0641;VITAMIN;BRG-LOG-641
5;7;06;0642;MINUMAN TEH;BRG-LOG-642
5;7;06;0643;BHP GULA;BRG-LOG-643
5;7;06;0644;BHP KOPI;BRG-LOG-644
5;7;06;0645;MINUMAN DONOR ACTIVE WATER;BRG-LOG-645
5;7;06;0646;MINUMAN TEH;BRG-LOG-646
5;7;06;0647;HIDROCOCO;BRG-LOG-647
5;7;06;0648;GOOD MOOD;BRG-LOG-648
5;7;06;0649;ROTI SNACK DONOR WAFER TANGO;BRG-LOG-649
5;7;06;0650;ROTI SNACK DONOR MALKIS;BRG-LOG-650
5;7;06;0651;SUSU TANGGO;BRG-LOG-651
5;7;06;0652;SUSU MILKU;BRG-LOG-652
5;7;06;0653;SUSU FRISIAN FLAG;BRG-LOG-653
5;7;06;0654;TELUR;BRG-LOG-654
5;7;06;0655;PAKET SNACK DONOR;BRG-LOG-655
5;7;06;0656;MIE CUP;BRG-LOG-656
5;7;06;0657;ROTI  SNACK DONOR ;BRG-LOG-657
5;7;06;0658;TOPI DONOR;BRG-LOG-658
5;7;06;0659;TROLI WADAH BOX DARAH;BRG-LOG-659
5;7;06;0660;MEJA AFTAP ( UNTUK BOX DARAH DAN SAMPLE DARAH );BRG-LOG-660
5;7;06;0661;TEMPAT SAMPAH TERTUTUP;BRG-LOG-661
5;7;06;0662;KOTAK SAMPAH TERTUTUP;BRG-LOG-662
5;7;06;0663;REGULATOR TABUNG OKSIGEN;BRG-LOG-663
5;7;06;0664;WADAH ISOLATIP;BRG-LOG-664
5;7;06;0665;SARUNG TANGAN S SENSI @100;BRG-LOG-665
5;7;06;0666;LAB SARUNG TANGAN NON POWDER S ( FLORA );BRG-LOG-666
5;7;06;0667;LAB SARUNG TANGAN POWDER M;BRG-LOG-667
5;7;06;0668;LAB SARUNG TANGAN NON POWDER M;BRG-LOG-668
5;7;06;0669;LAB TABUNG EDTA@100 (SAKURA);BRG-LOG-669
5;7;06;0670;LAB TABUNG REAKSI GP (@500 SAKURA);BRG-LOG-670
5;7;06;0671;LAB TABUNG REAKSI @250;BRG-LOG-671
5;7;06;0672;REAGEN CUPRI SULFAT 1062;BRG-LOG-672
5;7;06;0673;REAGEN CUPRI SULFAT 1053;BRG-LOG-673
5;7;06;0674;LAB SPUIT  3 CC;BRG-LOG-674
5;7;06;0675;LAB PIPET CAPILARY @1000PCS(GA);BRG-LOG-675
5;7;06;0676;LAB PIPET PASTURE;BRG-LOG-676
5;7;06;0677;LAB YELLOW TIP @1000(SAKURA);BRG-LOG-677
5;7;06;0678;LAB PLASTER LUKA @100;BRG-LOG-678
5;7;06;0679;LAB BLOOD LANCET @100 (I.SIMBER);BRG-LOG-679
5;7;06;0680;LAB BLOOD LANCET @100(FLORA);BRG-LOG-680
5;7;06;0681;LAB NACL @500 (A HARAPAN);BRG-LOG-681
5;7;06;0682;LAB NACL@1000ML;BRG-LOG-682
5;7;06;0683;LAB ALKOHOL SWAB @100 (I.SUMBER);BRG-LOG-683
5;7;06;0684;PC CEKLIS PERALATAN MU;BRG-LOG-684
5;7;06;0685;PC CEKLIS ADM MU;BRG-LOG-685
5;7;06;0686;PC MU FORM CEKLIS ALAT HB ;BRG-LOG-686
5;7;06;0687;PC MU CEKLIS TAS DOKTER ;BRG-LOG-687
5;7;06;0688;PC CEKLIS TAS MU;BRG-LOG-688
5;7;06;0689;PC KWITANSI GOLONGAN DARAH (A);BRG-LOG-689
5;7;06;0690;PC KWITANSI UMUM (B);BRG-LOG-690
5;7;06;0691;PC KWITANSI FILTER (C);BRG-LOG-691
5;7;06;0692;BHP PLASTIK ZIPLOCK 8.12;BRG-LOG-692
5;7;06;0693;PC PELAKAT PMI;BRG-LOG-693
5;7;06;0694;VELBED;BRG-LOG-694
5;7;06;0695;TAS DOKTER;BRG-LOG-695
5;7;06;0696;CONTROL NEGATIVE HBSAG MINDRAY;BRG-LOG-696
5;7;06;0697;BASKOM/TEMPAT DARAH;BRG-LOG-697
5;7;06;0698;PEWANGI SETRIKA;BRG-LOG-698
5;7;06;0699;CONTROL NEGATIVE HCV MINDRAY;BRG-LOG-699
5;7;06;0700;KURSI AFTAP MU;BRG-LOG-700
5;7;06;0701;CONTROL NEGATIVE HIV MINDRAY;BRG-LOG-701
5;7;06;0702;KOTAK HB;BRG-LOG-702
5;7;06;0703;CONTROL NEGATIVE SYPHILIS MINDRAY;BRG-LOG-703
5;7;06;0704;SELIMUT;BRG-LOG-704
5;7;06;0705;REAGEN WASH BUFFER;BRG-LOG-705
5;7;06;0706;ACRILIK DISPLAY IDENTITAS;BRG-LOG-706
5;7;06;0707;TEH GELAS;BRG-LOG-707
5;7;06;0708;EMBER BESAR;BRG-LOG-708
5;7;06;0709;ATK KERTAS F4;BRG-LOG-709
5;7;06;0710;AIR MINERAL BOTOL;BRG-LOG-710
5;7;06;0711;AIR MINERAL GALON;BRG-LOG-711
5;7;06;0712;AIR MINERAL GELAS;BRG-LOG-712
5;7;06;0713;LAB ALKOHOL SWAB( FLORA);BRG-LOG-713
5;7;06;0714;REAGEN ARCHITECT CALIBRATOR  SYPILIS  ;BRG-LOG-714
5;7;06;0717;ATK BATREI AA (SEDANG);BRG-LOG-717
5;7;06;0718;ATK BATRE KOTAK 96 V;BRG-LOG-718
5;7;06;0719;ATK BATREI AAA (KECIL);BRG-LOG-719
5;7;06;0721;ATK BINDEX  / ECOGI;BRG-LOG-721
5;7;06;0722;ATK KETRIT;BRG-LOG-722
5;7;06;0723;ATK BUKU KAS BESAR;BRG-LOG-723
5;7;06;0724;ATK BUKU KAS KECIL;BRG-LOG-724
5;7;06;0725;ATK CLIP KERTAS BIASA N0.3;BRG-LOG-725
5;7;06;0726;AHP GUNTING KERTAS KECIL;BRG-LOG-726
5;7;06;0727;ATK ISI CUTTER;BRG-LOG-727
5;7;06;0728;ATK ISOLASI;BRG-LOG-728
5;7;06;0729;ATK KERTAS A4;BRG-LOG-729
5;7;06;0730;ATK KERTAS F4 CP;BRG-LOG-730
5;7;06;0731;ATK KERTAS A4 CP;BRG-LOG-731
5;7;06;0736;ATK LAKBAN COKLAT;BRG-LOG-736
5;7;06;0737;ATK LAKBAN HITAM;BRG-LOG-737
5;7;06;0738;ATK LAKBAN BENING;BRG-LOG-738
5;7;06;0740;ATK MAP KARTON BIASA;BRG-LOG-740
5;7;06;0742;ATK MAP BOLONG PLASTIK BENING BISNIS;BRG-LOG-742
5;7;06;0743;ATK MISTAR;BRG-LOG-743
5;7;06;0744;ATK NACHI TAPE / ISOLATIP BESAR;BRG-LOG-744
5;7;06;0745;ATK PENA MEJA;BRG-LOG-745
5;7;06;0746;PENSIL;BRG-LOG-746
5;7;06;0747;ATK PENGHAPUS;BRG-LOG-747
5;7;06;0748;ATK PERUNCING PENSIL;BRG-LOG-748
5;7;06;0749;ATK SPIDOL KECIL;BRG-LOG-749
5;7;06;0750;ATK STABILO;BRG-LOG-750
5;7;06;0751;ATK TIP X;BRG-LOG-751
5;7;06;0752;ATK BINDER KLIP NO 200;BRG-LOG-752
5;7;06;0753;CARTER;BRG-LOG-753
5;7;06;0754;ATK DOUBLE TAPE;BRG-LOG-754
5;7;06;0755;ATK TINTA STAMPLE  BIRU;BRG-LOG-755
5;7;06;0756;ATK TINTA STAMPLE MERAH;BRG-LOG-756
5;7;06;0757;ATK AMPLOP PUTIH  BESAR KOP;BRG-LOG-757
5;7;06;0759;SIM LABEL LAB;BRG-LOG-759
5;7;06;0760;SIM LABEL BARCODE LOGISTIK;BRG-LOG-760
5;7;06;0761;SIM RIBON FARGO;BRG-LOG-761
5;7;06;0762;SIM KARTU DONOR;BRG-LOG-762
5;7;06;0763;ATK FLASH DISC;BRG-LOG-763
5;7;06;0764;PAPER BAG BESAR;BRG-LOG-764
5;7;06;0765;NOTA KONTAN;BRG-LOG-765
5;7;06;0766;ATK STAMPLE TANGGAL;BRG-LOG-766
5;7;06;0767;PAKU PAYUNG;BRG-LOG-767
5;7;06;0768;ATK PEMBOLONG KERTAS;BRG-LOG-768
5;7;06;0769;ATK CLEAR HOLDER;BRG-LOG-769
5;7;06;0770;ATK PENA BALLINER;BRG-LOG-770
5;7;06;0771;ATK STAND PAD;BRG-LOG-771
5;7;06;0773;SIM KARTU;BRG-LOG-773
5;7;06;0774;ATK CLEANING KIT;BRG-LOG-774
5;7;06;0775;ATK PENA MU;BRG-LOG-775
5;7;06;0776;PC LEMBAR CEKLIS DONOR;BRG-LOG-776
5;7;06;0777;ATK CAP LUNAS;BRG-LOG-777
5;7;06;0779;KAPUR BARUS / DAHLIA;BRG-LOG-779
5;7;06;0780;BAG SINGLE JMS 350 CC/ KARINDO;BRG-LOG-780
5;7;06;0781;BAG SINGLE 350CC / RAJAWALI;BRG-LOG-781
5;7;06;0782;KUPON;BRG-LOG-782
5;7;06;0783;MIE ;BRG-LOG-783
5;7;06;0784;NAT SET;BRG-LOG-784
5;7;06;0785;BHP BERAS ;BRG-LOG-785
5;7;06;0786;PAKET DR FIRMAN;BRG-LOG-786
5;7;06;0787;HBSAG ARCHITECT @100;BRG-LOG-787
5;7;06;0789;HCV ARCHITECT @100;BRG-LOG-789
5;7;06;0790;HIV ARCHITECT  ;BRG-LOG-790
5;7;06;0791;HANDUK;BRG-LOG-791
5;7;06;0792;SYPHILIS ARCHITECT @100;BRG-LOG-792
5;7;06;0793;GAS ELPIJI;BRG-LOG-793
5;7;06;0794;BEL WIRELLES;BRG-LOG-794
5;7;06;0795;PAKET BERAS 1,5KG;BRG-LOG-795
5;7;06;0796;BERAS;BRG-LOG-796
5;7;06;0797;BHP PLASTIK PUTIH 28;BRG-LOG-797
5;7;06;0798;BHP PLASTIK BIOHAZARD KECIL 30.50;BRG-LOG-798
5;7;06;0799;PAKET MIE SEDAAP CUP;BRG-LOG-799
5;7;06;0800;RT BOTOL SEMPROT;BRG-LOG-800
5;7;06;0801;PC CALENDER 2022;BRG-LOG-801
5;7;06;0802;CENTRIFUGE ACROSS;BRG-LOG-802
5;7;06;0803;SNACK DONOR CHIZMIL;BRG-LOG-803
5;7;06;0805;BAG DOUBLE 350 COMPOFLEX;BRG-LOG-805
5;7;06;0806;BAG TRIPLE 350 COMPOFLEX;BRG-LOG-806
5;7;06;0807;COOMBS;BRG-LOG-807
5;7;06;0808;BUKU CROSS;BRG-LOG-808
5;7;06;0809;LAB SAMPLE CUP;BRG-LOG-809
5;7;06;0810;REAGEN CUVET HEMOCUE;BRG-LOG-810
5;7;06;0811;LAB TABUNG EDTA GP(SAKURA);BRG-LOG-811
5;7;06;0812;FACE SHAILD;BRG-LOG-812
5;7;06;0813;GANTUNGAN BAJU;BRG-LOG-813
5;7;06;0814;MALKIS GARUDA;BRG-LOG-814
5;7;06;0815;GOODYBAG POLOS;BRG-LOG-815
5;7;06;0816;HANGER KAYU;BRG-LOG-816
5;7;06;0817;ALAT HB HEMOCONTROL;BRG-LOG-817
5;7;06;0818;LAB CUVETTE HEMOCONTROL @200;BRG-LOG-818
5;7;06;0819;REAGEN HBSAG SYSMEX;BRG-LOG-819
5;7;06;0820;HBSAG V CARE;BRG-LOG-820
5;7;06;0821;HCV MINDRAY 331;BRG-LOG-821
5;7;06;0822;HCV VCARE;BRG-LOG-822
5;7;06;0823;REAGEN HCV SYSMEX;BRG-LOG-823
5;7;06;0824;REAGEN HIV SYSMEX;BRG-LOG-824
5;7;06;0825;HAND SANITIZER CALMIC;BRG-LOG-825
5;7;06;0826;BOX PLASTIK;BRG-LOG-826
5;7;06;0827;TIMBANGAN BADAN;BRG-LOG-827
5;7;06;0828;AHP HIGROMETER;BRG-LOG-828
5;7;06;0829;AHP AUTO CLICK;BRG-LOG-829
5;7;06;0830;BOX SAMPLE;BRG-LOG-830
5;7;06;0831;BOX ANTISERA;BRG-LOG-831
5;7;06;0832;BANTAL KALEP;BRG-LOG-832
5;7;06;0833;TIMBANGAN DIGITAL;BRG-LOG-833
5;7;06;0834; ATK ISI PENA GELL;BRG-LOG-834
5;7;06;0835;BAG DOUBLE  YOFALAB;BRG-LOG-835
5;7;06;0836;BAG PK JMS TRANSFER PACK ;BRG-LOG-836
5;7;06;0837;KARDUS COKLAT;BRG-LOG-837
5;7;06;0838;KARTU STOK DARAH PINK;BRG-LOG-838
5;7;06;0839;KARTU STOK DARAH ;BRG-LOG-839
5;7;06;0840;CATATAN KASUS 24 JAM;BRG-LOG-840
5;7;06;0841;KERANJANG;BRG-LOG-841
5;7;06;0842;SOUVENIR KOTAK TISU;BRG-LOG-842
5;7;06;0843;OKSIGEN PORTABLE;BRG-LOG-843
5;7;06;0844;LAB SAFETY BOX 2,5L;BRG-LOG-844
5;7;06;0845;LAB SAFETY BOX 5L;BRG-LOG-845
5;7;06;0846;LAB SAFETY BOX 12,5L;BRG-LOG-846
5;7;06;0847;PC TUMBLER PMI;BRG-LOG-847
5;7;06;0848;AHP BOTOL HANDSANITRIZER 500ML;BRG-LOG-848
5;7;06;0849;AHP JAS LAB;BRG-LOG-849
5;7;06;0850;LAB STYOFORM UK 34;BRG-LOG-850
5;7;06;0851;LAB STYOFORM UK 17;BRG-LOG-851
5;7;06;0852;LAB ICE PACK;BRG-LOG-852
5;7;06;0853;REAGEN CUVETTE HEMOCHROMAX;BRG-LOG-853
5;7;06;0854;BHP DESINFEKTAN SPRAY;BRG-LOG-854
5;7;06;0855;LAMPU ELEKTRIC SEALER;BRG-LOG-855
5;7;06;0856;LAMPU LED 13WATT;BRG-LOG-856
5;7;06;0857;LAMPU LED 19WATT;BRG-LOG-857
5;7;06;0858;ATK LAK BAN BIRU;BRG-LOG-858
5;7;06;0859;ATK LAK BAN PUTIH;BRG-LOG-859
5;7;06;0860;ATK LAK BAN UNGU;BRG-LOG-860
5;7;06;0861;MALKIS MAYORA;BRG-LOG-861
5;7;06;0862;SUSU MILKU;BRG-LOG-862
5;7;06;0863;SUSU DONOR MILKIDO;BRG-LOG-863
5;7;06;0864;SUSU DONOR MILKU @12 ( SATUAN BOX);BRG-LOG-864
5;7;06;0865;HIV MINDRAY 202;BRG-LOG-865
5;7;06;0866;REAGEN SUBSTRATE;BRG-LOG-866
5;7;06;0867;ATK MAP KERTAS BOLONG;BRG-LOG-867
5;7;06;0868;GELAS MUG / TUMBLER;BRG-LOG-868
5;7;06;0869;ATK CLIP KERTAS BIASA N0.5;BRG-LOG-869
5;7;06;0870;PAKET SEMBAKO ILUNI;BRG-LOG-870
5;7;06;0871;PC KEU  FORM RSAM / BDRS (R.4);BRG-LOG-871
5;7;06;0872;PC RS. URIP (R.4);BRG-LOG-872
5;7;06;0873;PC PS  CROSS MET / DIAMED;BRG-LOG-873
5;7;06;0876;PC FORM RANGKAP PEMGIRIMAN DARAH (BDRS);BRG-LOG-876
5;7;06;0877;PC PS FORM PENERIMAAN CONTOH DARAH PASIEN;BRG-LOG-877
5;7;06;0878;PC LAPORAN BULANAN PEMAKAIAN DARAH;BRG-LOG-878
5;7;06;0879;PC FORM PEMBERITAHUAN DARAH REAKTIF;BRG-LOG-879
5;7;06;0880;RANGKUMAN DARAH MASUK;BRG-LOG-880
5;7;06;0882;PC PAPER TEST GOLONGAN DARAH;BRG-LOG-882
5;7;06;0884;PC SURAT PENITIPAN DARAH;BRG-LOG-884
5;7;06;0886;PC PARKIR GRATIS;BRG-LOG-886
5;7;06;0887;PC HIMBAUAN DONOR KEMBALI;BRG-LOG-887
5;7;06;0889;TIKET PENGAMBILAN DARAH;BRG-LOG-889
5;7;06;0890;PC PLASTIK KARTU DONOR;BRG-LOG-890
5;7;06;0891;KARTU GOLONGAN A;BRG-LOG-891
5;7;06;0892;KARTU GOLONGAN B;BRG-LOG-892
5;7;06;0893;KARTU GOLONGAN O;BRG-LOG-893
5;7;06;0894;KARTU GOLONGAN AB;BRG-LOG-894
5;7;06;0895;PC LAPORAN PEMERIKSAAN IMLTD;BRG-LOG-895
5;7;06;0896;LEMBAR KERJA PEMERIKSAAN;BRG-LOG-896
5;7;06;0897;PC LEMBAR KERJA PEMERIKSAAN IMLTD (VALID);BRG-LOG-897
5;7;06;0898;LAPORAN BRNDAHARA KEUANGAN (BENDAHARA);BRG-LOG-898
5;7;06;0899;BLANKO SETORAN (BENDAHARA);BRG-LOG-899
5;7;06;0900;PC FORM PERMINTAAN CONTOH DARAH BARU PASIEN;BRG-LOG-900
5;7;06;0901;LABEL A ( BDRS );BRG-LOG-901
5;7;06;0902;LABEL B ( BDRS );BRG-LOG-902
5;7;06;0903;LABEL O (BDRS );BRG-LOG-903
5;7;06;0904;LABEL AB (BDRS);BRG-LOG-904
5;7;06;0906;PC FORM DONOR KELUARGA ( BDRS );BRG-LOG-906
5;7;06;0907;PC FORM DROPING DARAH KECIL (BDRS );BRG-LOG-907
5;7;06;0908;NOTA PESANAN;BRG-LOG-908
5;7;06;0910;PC FORM PEMUSNAHAAN BARANG;BRG-LOG-910
5;7;06;0912;PC LABEL RELEASED;BRG-LOG-912
5;7;06;0913;KERTAS QUARANTINE;BRG-LOG-913
5;7;06;0914;PC LABEL REJECTED;BRG-LOG-914
5;7;06;0915;KARTU STOCK ;BRG-LOG-915
5;7;06;0916;PC FORM PENGIRIMAN DARAH KECIL ( RANGKAP 2 );BRG-LOG-916
5;7;06;0917;PC SERAH TERMA SAMPLE DONOR;BRG-LOG-917
5;7;06;0918;LEMBAR SERAHTERIMA SAMPLE IMLTD;BRG-LOG-918
5;7;06;0919;PC KERTAS F4 KOP;BRG-LOG-919
5;7;06;0920;ATK MAP KOP/PINK;BRG-LOG-920
5;7;06;0921;SERAH TERIMA KANTONG DARAH;BRG-LOG-921
5;7;06;0922;PC KARTU GOLONGAN DARAH PASIEN;BRG-LOG-922
5;7;06;0923;LEMBAR SERAHTERIMA SAMPLE KGD;BRG-LOG-923
5;7;06;0924;ATK STIKER LABEL;BRG-LOG-924
5;7;06;0925;PC PENYERAHAN DOKUMEN MOBIL UNIT;BRG-LOG-925
5;7;06;0926;PC FORM SURAT IZIN KELUAR;BRG-LOG-926
5;7;06;0927;PC PS FORM PEMBATALAN;BRG-LOG-927
5;7;06;0928;PC KEU FORM SLIP PENAGIHAN;BRG-LOG-928
5;7;06;0929;STIKER GOLONGAN A;BRG-LOG-929
5;7;06;0930;STIKER GOLONGAN B;BRG-LOG-930
5;7;06;0931;STIKER GOLONGAN AB;BRG-LOG-931
5;7;06;0932;STIKER GOLONGAN O;BRG-LOG-932
5;7;06;0933;PC FORM UJI VALIDASI;BRG-LOG-933
5;7;06;0934;PC FORMULIR LAPORAN PENYIMPANGAN (MUTU);BRG-LOG-934
5;7;06;0935;PC FORM PENANGANAN TINDAKAN (MUTU);BRG-LOG-935
5;7;06;0936;PC FORMULIR PENYELIDIKAN PENYIMPANGAN (MUTU);BRG-LOG-936
5;7;06;0937;PC FORM CEKLIS MU;BRG-LOG-937
5;7;06;0938;PC KONSELING FORM SAMPEL CEK ULANG;BRG-LOG-938
5;7;06;0939;PC FORM RUJUKAN DONOR REAKTIF(KONSELING);BRG-LOG-939
5;7;06;0940;PC FORM SURAT TUGAS(KONSELING);BRG-LOG-940
5;7;06;0941;PC KONSELING FORM HASIL TES DIAGNOSIS;BRG-LOG-941
5;7;06;0942;PC FORMULIR INFORM CONSERN;BRG-LOG-942
5;7;06;0943;PC FORM PEMERIKSAAN ULANG( KONSELING);BRG-LOG-943
5;7;06;0944;ATK PENA HITAM;BRG-LOG-944
5;7;06;0945;CEKLIS SISTEM PENGAMBILAN DARAH;BRG-LOG-945
5;7;06;0946;PERMEN;BRG-LOG-946
5;7;06;0947;PERNYATAN KELUARGA PASIEN;BRG-LOG-947
5;7;06;0948;KIT PLS PK;BRG-LOG-948
5;7;06;0949;GOODIE BAG DONOR DARAH;BRG-LOG-949
5;7;06;0950;LAB ALKOHOL 70% (1 LITER);BRG-LOG-950
5;7;06;0951;BHP HAND SANITRIZER 4 LT;BRG-LOG-951
5;7;06;0952;LAB AQUADEST;BRG-LOG-952
5;7;06;0953;LAB BETADIN CAIR;BRG-LOG-953
5;7;06;0954;AHP BEKER GLASS;BRG-LOG-954
5;7;06;0955;LAB BLUE TIP @500;BRG-LOG-955
5;7;06;0956;KAPAS LEMAK;BRG-LOG-956
5;7;06;0957;KAPAS PUTIH;BRG-LOG-957
5;7;06;0958;LAB KASA GULUNG;BRG-LOG-958
5;7;06;0959;BHP LIDI;BRG-LOG-959
5;7;06;0960;LAB MEDI TAPE@ 24 (GA);BRG-LOG-960
5;7;06;0961;OBJEK GLASS;BRG-LOG-961
5;7;06;0962;BHP PLASTIK BIOHAZARD 90.120;BRG-LOG-962
5;7;06;0963;LAB SARUNG TANGAN M (I SUMBER);BRG-LOG-963
5;7;06;0964;SARUNGTANGAN NON P (M);BRG-LOG-964
5;7;06;0965;LAB SARUNG TANGAN S (I SUMBER);BRG-LOG-965
5;7;06;0966;LAB SARUNG TANGAN S ELVA @100;BRG-LOG-966
5;7;06;0967;ATK SLIDE TEST GOLONGAN DARAH;BRG-LOG-967
5;7;06;0968;LAB CUVET MISSION PLUS;BRG-LOG-968
5;7;06;0969;ALAT MISION PLUS;BRG-LOG-969
5;7;06;0970;ALAT DIASPEC (COMPOLAB);BRG-LOG-970
5;7;06;0971;REAGEN CUVET DIASPEC @100(ABM);BRG-LOG-971
5;7;06;0972;ALAT HB HEMOCUE;BRG-LOG-972
5;7;06;0973;GELAS UKUR HB;BRG-LOG-973
5;7;06;0974;THROMBOPOBE;BRG-LOG-974
5;7;06;0975;REAGEN CUVET HEMOCUE;BRG-LOG-975
5;7;06;0976;LAB SPUIT 10CC;BRG-LOG-976
5;7;06;0977;LAB SPUIT 5CC;BRG-LOG-977
5;7;06;0978;BHP KANTONG PLASTIK/ KARTU GOL DARAH (8.12);BRG-LOG-978
5;7;06;0979;BHP PLASTIK BIOHAZARD KUNING 60.100;BRG-LOG-979
5;7;06;0980;LAB MASKER@50;BRG-LOG-980
5;7;06;0981;AHP THERMOMETER SUHU / KECIL;BRG-LOG-981
5;7;06;0982;LAB PIPET PASTUER;BRG-LOG-982
5;7;06;0983;HAND RUB ASEPTAN;BRG-LOG-983
5;7;06;0984;LAB CUVET HB BIOAID;BRG-LOG-984
5;7;06;0985;ALAT HB BIOAID;BRG-LOG-985
5;7;06;0986;HAND RUB REFIL;BRG-LOG-986
5;7;06;0987;LAB SARUNG TANGAN S @60;BRG-LOG-987
5;7;06;0988;COVID ARCHITECT;BRG-LOG-988
5;7;06;0989;PLASTIK PUTIH BESAR 50;BRG-LOG-989
5;7;06;0990;SNACK DONOR POP MIE ;BRG-LOG-990
5;7;06;0991;PAKET BERAS ROMADHON;BRG-LOG-991
5;7;06;0992;PAKET GULA;BRG-LOG-992
5;7;06;0993;PAKET MIE;BRG-LOG-993
5;7;06;0994;PAKET SUSU ROMADHAN;BRG-LOG-994
5;7;06;0995;RAK SEPATU;BRG-LOG-995
5;7;06;0996;RIBON LABEL;BRG-LOG-996
5;7;06;0997;ROMPI PETUGAS BIRU;BRG-LOG-997
5;7;06;0998;ROMPI PETUGAS MERAH;BRG-LOG-998
5;7;06;0999;ROTI  SNACK DONOR TANGGO;BRG-LOG-999
5;7;06;1000;ROTI SNACK DONOR BLEEZ BLIZ;BRG-LOG-1000
5;7;06;1001;RT SAPU;BRG-LOG-1001
5;7;06;1002;RT ALAT PEL;BRG-LOG-1002
5;7;06;1003;RT KESET HANDUK;BRG-LOG-1003
5;7;06;1004;RT SAPU LIDI;BRG-LOG-1004
5;7;06;1005;BHP  PEWANGI TOILET;BRG-LOG-1005
5;7;06;1006;PERMINTAAN SAMPLE BARU;BRG-LOG-1006
5;7;06;1007;SARS COV 19;BRG-LOG-1007
5;7;06;1008;BAG SINGLE I CONTROL 350 /MITRA B;BRG-LOG-1008
5;7;06;1009;SNACK DONOR  @100/ CHANDRA;BRG-LOG-1009
5;7;06;1010;MINUMAN DONOR  C1000;BRG-LOG-1010
5;7;06;1011;COKIEZ OT/WAFFER;BRG-LOG-1011
5;7;06;1013;CATATAN SUHU COOLBOX 21;BRG-LOG-1013
5;7;06;1014;SUSU DONOR TANGO @24 ( SATUAN BOX);BRG-LOG-1014
5;7;06;1015;SUSU MILKIDO;BRG-LOG-1015
5;7;06;1016;GELAS DONOR 10 KALI;BRG-LOG-1016
5;7;06;1017;JAKET DONOR 75X XXL;BRG-LOG-1017
5;7;06;1018;JAKET DONOR 100X M;BRG-LOG-1018
5;7;06;1019;JAKET DONOR 100X L;BRG-LOG-1019
5;7;06;1020;JAKET DONOR 100X XL;BRG-LOG-1020
5;7;06;1021;JAKET DONOR 100X XXL;BRG-LOG-1021
5;7;06;1022;PIN DONOR 10X;BRG-LOG-1022
5;7;06;1023;PIN DONOR 75X;BRG-LOG-1023
5;7;06;1024;KOTAK PIN DONOR;BRG-LOG-1024
5;7;06;1025;PIN DONOR 25X;BRG-LOG-1025
5;7;06;1026;GELAS DONOR 25 X;BRG-LOG-1026
5;7;06;1027;TOPI DONOR 25X;BRG-LOG-1027
5;7;06;1028;KAOS DONOR 50X L;BRG-LOG-1028
5;7;06;1029;KAOS DONOR 50X XL;BRG-LOG-1029
5;7;06;1030;KAOS DONOR 50X XXL;BRG-LOG-1030
5;7;06;1031;JAKET DONOR 75X M;BRG-LOG-1031
5;7;06;1032;JAKET DONOR 75X L;BRG-LOG-1032
5;7;06;1033;JAKET DONOR 75X XL;BRG-LOG-1033
5;7;06;1034;ARCH REACTION VESSELS;BRG-LOG-1034
5;7;06;1035;ARCH SAMPLE CUP;BRG-LOG-1035
5;7;06;1036;ARCH HBSAG CALIBRATOR;BRG-LOG-1036
5;7;06;1037;ARCH HBSAG CONTROL;BRG-LOG-1037
5;7;06;1038;ARCH HIV CALIBRATOR;BRG-LOG-1038
5;7;06;1039;ARCH HCV CONTROL;BRG-LOG-1039
5;7;06;1040;ARCH HIV CALIBRATOR;BRG-LOG-1040
5;7;06;1041;ARCH HIV CONTROL;BRG-LOG-1041
5;7;06;1042;ARCH PROBE CONDITIONING;BRG-LOG-1042
5;7;06;1043;SEPTUM;BRG-LOG-1043
5;7;06;1044;ARCH SYPHILIST CONTROL;BRG-LOG-1044
5;7;06;1045;REAGEN SYPHILIS SYMEX;BRG-LOG-1045
5;7;06;1046;HISCL CUVETTE L SYSMEX;BRG-LOG-1046
5;7;06;1047;HISCL DISPOSIBLE TIP;BRG-LOG-1047
5;7;06;1048;HISCL HBSAG ASSAY CALIBRATOR;BRG-LOG-1048
5;7;06;1049;HISCL HBSAG CONTROL SYSMEX;BRG-LOG-1049
5;7;06;1050;HISCL HCV AB CALIBRATOR SYSMEX;BRG-LOG-1050
5;7;06;1051;HISCL HCV AB CONTROL  SYSMEX;BRG-LOG-1051
5;7;06;1052;HISCL HIV AG+AB CALIBRATOR ( SYSMEX );BRG-LOG-1052
5;7;06;1053;HISCL HIV AG+AB CONTROL  (SYSMEX );BRG-LOG-1053
5;7;06;1054;HISCL LINE WHASING SOLUTION;BRG-LOG-1054
5;7;06;1055;HISCL PROBE WOSHING SOLUTION SYSMEX;BRG-LOG-1055
5;7;06;1056;HISCL SUBSTRATE SYSMEX;BRG-LOG-1056
5;7;06;1057;HISCL TPAB CALIBRATOR (CALIBRATOR SYPHILIS SYSMEX ;BRG-LOG-1057
5;7;06;1058;HISCL ANTI- TP CONTROL ( SYPHILIS CONTROL SYSMEX );BRG-LOG-1058
5;7;06;1059;HISCL VIRATROL SYSMEX;BRG-LOG-1059
5;7;06;1060;HISCL WASHING SOLUTION SYSMEX;BRG-LOG-1060
5;7;06;1061;TEH BENDERA;BRG-LOG-1061
5;7;06;1062;TEH KASAR/ BOTOL;BRG-LOG-1062
5;7;06;1063;NEW TEA;BRG-LOG-1063
5;7;06;1064;TEH PUCUU;BRG-LOG-1064
5;7;06;1065;LEMBAR KERJ A TES VALIDASI;BRG-LOG-1065
5;7;06;1066;TELEPON;BRG-LOG-1066
5;7;06;1067;BAG TRIPLE I CONTROL 350 / MITRA B;BRG-LOG-1067
5;7;06;1068;BAG TRIPLE TERUMO 350;BRG-LOG-1068
5;7;06;1069;TUMBLER;BRG-LOG-1069
5;7;06;1070;VALBED ARMY;BRG-LOG-1070
5;7;06;1071;HIV V CARE;BRG-LOG-1071
5;7;06;1072;SYPHILIS VCARE;BRG-LOG-1072
5;7;06;1073;RT PEMBERSIH TOILET /VIXAL;BRG-LOG-1073
